"<<<<<<< HEAD",,0,
::1,"2026-04-11 01:51:26",815,/turismo-norte-espana/index.php
=======,,0,
">>>>>>> 55dd5ec2d1101da3081a6eebf9efc4a614664fbb",,0,
::1,"2025-06-10 16:43:38",193,/turismo-norte-espana/cantabria/playadeostende/index.php
::1,"2026-04-13 23:48:09",115,/turismo-norte-espana/
::1,"2025-06-07 23:30:25",12,/turismo-norte-espana/Cantabria/playadeostende/index.php
::1,"2025-06-14 17:54:01",58,/turismo-norte-espana/index.php?i=1
::1,"2025-07-05 18:05:33",461,/turismo-norte-espana/cantabria/playa-de-ostende/index.php
::1,"2025-06-21 19:30:14",88,/turismo-norte-espana/Cantabria/playa-de-ostende/index.php
127.0.0.1,"2025-07-16 20:23:08",3,/turismo-norte-espana/
